<?xml version="1.0" encoding="UTF-8" standalone="yes"?>
<manifest>
  <control namespace="CCCControls" constructor="ValidateCP" version="0.0.1" display-name-key="ValidateCP" description-key="Control para validar Cogigo Postal" control-type="standard" api-version="1.1.0">
    <property name="CP" display-name-key="CP" description-key="CP to validate" of-type="SingleLine.Text" usage="bound" required="true"/>
    <resources>
      <code path="bundle.js" order="1"/>
      <css path="css/ValidateCP.css" order="1"/>
    </resources>
    <built-by name="pac" version="1.0.6"/>
  </control>
</manifest>